1,-0.365637083,-0.402254506,0.01
2,-0.384985357,-0.401534208,0.01
3,-0.403257124,-0.395137071,0.01
4,-0.401781139,-0.351646025,0.01
5,-0.402157051,-0.331735327,0.01
6,-0.384959289,-0.34149956,0.01
7,-0.385240008,-0.321631363,0.01
8,-0.401796008,-0.2722779,0.01
9,-0.402720671,-0.193263121,0.01
10,-0.401973227,-0.173552202,0.01
11,-0.401504371,-0.13415752,0.01
12,-0.401685561,-0.114479627,0.01
13,-0.40208979,-0.094816056,0.01
14,-0.4026209,-0.075139016,0.01
15,-0.401853125,-0.055461239,0.01
16,-0.401539467,-0.035783062,0.01
17,-0.384345833,-0.025956189,0.01
18,-0.401477325,-0.016097746,0.01
19,-0.384629124,0.013498597,0.01
20,-0.401695986,0.003592105,0.01
21,-0.40216718,0.023286864,0.01
22,-0.367448186,0.023324159,0.01
23,-0.367500344,0.042963571,0.01
24,-0.402509229,0.042998692,0.01
25,-0.384746631,0.052797874,0.01
26,-0.384445635,0.09229815,0.01
27,-0.401802526,0.121895209,0.01
28,-0.384770615,0.13184751,0.01
29,-0.402290276,0.141612946,0.01
30,-0.402351276,0.161341226,0.01
31,-0.367561038,0.161355479,0.01
32,-0.384741779,0.171172866,0.01
33,-0.401812954,0.181060785,0.01
34,-0.38452277,0.190885811,0.01
35,-0.401546975,0.200777637,0.01
36,-0.367322448,0.200780295,0.01
37,-0.401554739,0.220495577,0.01
38,-0.401826084,0.240200349,0.01
39,-0.402222148,0.279578436,0.01
40,-0.384875802,0.26968526,0.01
41,-0.40139376,0.318966951,0.01
42,-0.401949487,0.358649792,0.01
43,-0.403141523,0.37856898,0.01
44,-0.401073519,0.399936725,0.01
45,-0.346095778,-0.402990835,0.01
46,-0.35578217,-0.385636507,0.01
47,-0.383749051,-0.381751289,0.01
48,-0.367445774,-0.370488377,0.01
49,-0.401351392,-0.372595054,0.01
50,-0.384830063,-0.361484226,0.01
51,-0.333606629,-0.331279923,0.01
52,-0.402734544,-0.311908429,0.01
53,-0.367985813,-0.331381749,0.01
54,-0.367995,-0.311714587,0.01
55,-0.402226951,-0.292083626,0.01
56,-0.401631743,-0.252478976,0.01
57,-0.384431519,-0.12427685,0.01
58,-0.384785418,-0.084940785,0.01
59,-0.384668142,-0.065334851,0.01
60,-0.367194316,-0.016094499,0.01
61,-0.384409907,-0.006215456,0.01
62,-0.350027473,-0.006254232,0.01
63,-0.367297511,0.003635306,0.01
64,-0.350119555,0.013451565,0.01
65,-0.333058373,0.102192451,0.01
66,-0.350196279,0.033128085,0.01
67,-0.384857898,0.033153174,0.01
68,-0.350200491,0.072536338,0.01
69,-0.367427035,0.062652333,0.01
70,-0.350200733,0.092305962,0.01
71,-0.384547137,0.072516477,0.01
72,-0.401542913,0.102165547,0.01
73,-0.36758699,0.141702302,0.01
74,-0.384960415,0.151520507,0.01
75,-0.296422077,0.213335746,0.01
76,-0.286385988,0.196286517,0.01
77,-0.350161918,0.190964841,0.01
78,-0.367418845,0.181048809,0.01
79,-0.332926147,0.200897449,0.01
80,-0.350149137,0.210681667,0.01
81,-0.384433807,0.210643937,0.01
82,-0.38452308,0.230401278,0.01
83,-0.402406724,0.259887801,0.01
84,-0.401668492,0.299258451,0.01
85,-0.401386697,0.338756374,0.01
86,-0.384029658,0.366828542,0.01
87,-0.384966789,0.385769286,0.01
88,-0.380019758,0.403841775,0.01
89,-0.326624578,-0.402673562,0.01
90,-0.336605983,-0.385743931,0.01
91,-0.347371086,-0.366026143,0.01
92,-0.367800262,-0.351101132,0.01
93,-0.350845178,-0.341237443,0.01
94,-0.278493423,-0.350305644,0.01
95,-0.265367311,-0.291745006,0.01
96,-0.350803202,-0.321520708,0.01
97,-0.299208405,-0.33119573,0.01
98,-0.316461997,-0.321628544,0.01
99,-0.367885887,-0.292020921,0.01
100,-0.38517705,-0.301948595,0.01
101,-0.384613051,-0.104570047,0.01
102,-0.367396125,-0.075160433,0.01
103,-0.367298824,-0.055521041,0.01
104,-0.384471608,-0.045678739,0.01
105,-0.349984813,-0.025975588,0.01
106,-0.367203868,-0.035828282,0.01
107,-0.332832018,0.003565855,0.01
108,-0.332998445,0.062671737,0.01
109,-0.281684574,0.151721386,0.01
110,-0.315911129,0.112074573,0.01
111,-0.350218518,0.052809361,0.01
112,-0.315940263,0.131842589,0.01
113,-0.298786476,0.141730049,0.01
114,-0.367349938,0.082407721,0.01
115,-0.40186256,0.062708511,0.01
116,-0.350313292,0.131842737,0.01
117,-0.332958838,0.181205499,0.01
118,-0.266695321,0.19629608,0.01
119,-0.315615636,0.191227307,0.01
120,-0.246956966,0.23068527,0.01
121,-0.207255951,0.26491141,0.01
122,-0.286688373,0.230495779,0.01
123,-0.177390639,0.247728419,0.01
124,-0.31585061,0.211059279,0.01
125,-0.276777811,0.247700184,0.01
126,-0.367333855,0.220532105,0.01
127,-0.350207634,0.230400215,0.01
128,-0.384705106,0.250093253,0.01
129,-0.38386335,0.347751424,0.01
130,-0.384069477,0.328414234,0.01
131,-0.366493335,0.357588768,0.01
132,-0.362528654,0.395796176,0.01
133,-0.327477131,-0.368662944,0.01
134,-0.268025446,-0.3336023,0.01
135,-0.282253375,-0.301597449,0.01
136,-0.350766302,-0.30182242,0.01
137,-0.238916392,-0.317156601,0.01
138,-0.33361206,-0.311635911,0.01
139,-0.219570117,-0.316693474,0.01
140,-0.316514215,-0.30176265,0.01
141,-0.299474824,-0.311467982,0.01
142,-0.384913556,-0.282202545,0.01
143,-0.384688091,-0.262380698,0.01
144,-0.384862875,-0.183432795,0.01
145,-0.401610107,-0.153850834,0.01
146,-0.350087996,-0.084989384,0.01
147,-0.332763933,-0.05553259,0.01
148,-0.350058129,-0.065351938,0.01
149,-0.332773582,-0.016140709,0.01
150,-0.350005344,-0.045681832,0.01
151,-0.298592929,0.06264962,0.01
152,-0.333023406,0.082421187,0.01
153,-0.350247926,0.112087183,0.01
154,-0.333101454,0.121961592,0.01
155,-0.27677427,0.178742513,0.01
156,-0.33311598,0.141714809,0.01
157,-0.367466744,0.121981951,0.01
158,-0.187331408,0.196501188,0.01
159,-0.401568634,0.082431363,0.01
160,-0.384534986,0.112091783,0.01
161,-0.350245814,0.171258573,0.01
162,-0.197458623,0.17982305,0.01
163,-0.197279075,0.213613019,0.01
164,-0.217180926,0.247829075,0.01
165,-0.226995679,0.196441785,0.01
166,-0.145486792,0.010148214,0.01
167,-0.127746315,0.333238855,0.01
168,0.030756997,0.332686748,0.01
169,-0.058332375,0.350160023,0.01
170,-0.227097978,0.230735765,0.01
171,-0.367398231,0.240270661,0.01
172,-0.384537856,0.2892812,0.01
173,-0.38427598,0.308880014,0.01
174,-0.367087232,0.299051558,0.01
175,-0.366660479,0.338127963,0.01
176,-0.367030963,0.377007795,0.01
177,-0.307091049,-0.402043333,0.01
178,-0.333809549,-0.350697185,0.01
179,-0.248666811,-0.333883297,0.01
180,-0.229043956,-0.334032564,0.01
181,-0.299345797,-0.291789426,0.01
182,-0.209549885,-0.333786353,0.01
183,-0.200038208,-0.316460633,0.01
184,-0.367720696,-0.272255887,0.01
185,-0.401775654,-0.23270551,0.01
186,-0.282407795,-0.321032992,0.01
187,-0.384608738,-0.163754726,0.01
188,-0.384423408,-0.144018891,0.01
189,-0.36738995,-0.094768361,0.01
190,-0.332786425,-0.075195312,0.01
191,-0.315762073,0.052799062,0.01
192,-0.281455019,0.07250651,0.01
193,-0.332962904,0.042956105,0.01
194,-0.332904165,0.023261518,0.01
195,-0.315819782,0.072538668,0.01
196,-0.281625465,0.131904202,0.01
197,-0.196104313,0.141205858,0.01
198,-0.333076404,0.16145667,0.01
199,-0.177405105,0.213543126,0.01
200,-0.350322745,0.151554922,0.01
201,-0.217158177,0.21365162,0.01
202,-0.127698021,0.264608994,0.01
203,-0.207218337,0.230725194,0.01
204,-0.236970471,0.213592829,0.01
205,-0.256828585,0.213533367,0.01
206,-0.266811308,0.230626029,0.01
207,-0.227165135,0.264926218,0.01
208,-0.276614358,0.213453762,0.01
209,0.040711818,0.315398524,0.01
210,0.060470952,0.315284296,0.01
211,0.119646323,0.315323865,0.01
212,-0.266991624,0.264877843,0.01
213,-0.33299479,0.220613152,0.01
214,-0.332988354,0.240156403,0.01
215,-0.350157797,0.250094603,0.01
216,-0.367437101,0.25993092,0.01
217,-0.367300094,0.279490857,0.01
218,-0.348608817,0.349170808,0.01
219,-0.348669759,0.369135303,0.01
220,-0.336547151,0.385000439,0.01
221,-0.287550822,-0.401668862,0.01
222,-0.317112578,-0.385274163,0.01
223,-0.316158392,-0.34160162,0.01
224,-0.307889558,-0.367770197,0.01
225,-0.298361085,-0.350643841,0.01
226,-0.258609423,-0.350799547,0.01
227,-0.263663147,-0.314090699,0.01
228,-0.367510453,-0.173601095,0.01
229,-0.367345515,-0.153892507,0.01
230,-0.402166276,-0.212972455,0.01
231,-0.332804286,-0.094848186,0.01
232,-0.367263159,-0.134154444,0.01
233,-0.367301435,-0.114432414,0.01
234,-0.350079848,-0.104633634,0.01
235,-0.332752017,-0.0358457,0.01
236,-0.315556859,-0.006319473,0.01
237,-0.264496039,0.122013842,0.01
238,-0.2986697,0.082408608,0.01
239,-0.281601617,0.112091621,0.01
240,-0.31586894,0.092301736,0.01
241,-0.31592115,0.151614134,0.01
242,-0.315855145,0.171387596,0.01
243,-0.298583095,0.181089757,0.01
244,-0.207294003,0.196598419,0.01
245,-0.087961572,0.264402163,0.01
246,-0.167479077,0.299036946,0.01
247,-0.187334268,0.230673757,0.01
248,-0.197319387,0.281992161,0.01
249,-0.237155403,0.282016799,0.01
250,-0.217209297,0.384905997,0.01
251,0.060353115,0.34980831,0.01
252,0.109905024,0.297941896,0.01
253,-0.17744252,0.384543765,0.01
254,-0.197360442,0.384687018,0.01
255,-0.088144948,0.367455277,0.01
256,-0.127734872,0.367655036,0.01
257,-0.177438114,0.35040673,0.01
258,-0.30736488,0.23051015,0.01
259,-0.315869092,0.249769391,0.01
260,-0.350036065,0.269742455,0.01
261,-0.349794674,0.289405014,0.01
262,-0.366868106,0.318614288,0.01
263,-0.3283902,0.366733596,0.01
264,-0.344903513,0.403137771,0.01
265,-0.267918023,-0.401666745,0.01
266,-0.27792326,-0.384607038,0.01
267,-0.297587454,-0.384713965,0.01
268,-0.288099252,-0.36753555,0.01
269,-0.268413941,-0.367592575,0.01
270,-0.189966659,-0.333554345,0.01
271,-0.22972802,-0.295180962,0.01
272,-0.350223539,-0.163745563,0.01
273,-0.350114433,-0.144032799,0.01
274,-0.350069514,-0.124318252,0.01
275,-0.332824367,-0.114513227,0.01
276,-0.315500593,-0.065393747,0.01
277,-0.315596289,-0.124395898,0.01
278,-0.298232438,-0.075272056,0.01
279,-0.247389644,0.112074002,0.01
280,-0.047795264,0.195696535,0.01
281,-0.281545724,0.092288448,0.01
282,-0.247412447,0.131963789,0.01
283,-0.264500595,0.141853822,0.01
284,-0.298727499,0.102185601,0.01
285,-0.298763138,0.121965271,0.01
286,-0.167444924,0.230572252,0.01
287,-0.367358794,0.102201463,0.01
288,-0.157503061,0.247628448,0.01
289,-0.246863026,0.196513349,0.01
290,-0.167586529,0.196339874,0.01
291,-0.177415718,0.281945619,0.01
292,-0.197286081,0.247797467,0.01
293,-0.038494962,0.350139824,0.01
294,-0.167497659,0.401564182,0.01
295,0.161566403,0.109651693,0.01
296,-0.157422578,-0.025068969,0.01
297,-0.07310922,-0.229803945,0.01
298,-0.211969519,-0.162645031,0.01
299,0.14465963,0.020572444,0.01
300,-0.207291831,0.367630774,0.01
301,-0.237070538,0.247823527,0.01
302,-0.296533413,0.247526447,0.01
303,-0.315274791,0.289121527,0.01
304,-0.332829488,0.259856417,0.01
305,-0.349543301,0.309143691,0.01
306,-0.316550633,0.350502989,0.01
307,-0.306635432,0.367461058,0.01
308,-0.325644192,0.402055198,0.01
309,-0.228739298,-0.402684072,0.01
310,-0.248219903,-0.401747056,0.01
311,-0.258163856,-0.384723405,0.01
312,-0.248680738,-0.367904401,0.01
313,-0.238885817,-0.351021101,0.01
314,-0.219275573,-0.351099346,0.01
315,-0.180382567,-0.316292165,0.01
316,-0.282179797,-0.281863477,0.01
317,-0.316422106,-0.282004431,0.01
318,-0.332870126,-0.134200357,0.01
319,-0.384811653,-0.222756307,0.01
320,-0.315515888,-0.085060877,0.01
321,-0.332957714,-0.153899626,0.01
322,-0.367656949,-0.193264283,0.01
323,-0.315497464,-0.045713904,0.01
324,-0.264451828,0.102178735,0.01
325,-0.127797302,0.161362265,0.01
326,-0.117892764,0.178593835,0.01
327,-0.02800275,0.193747474,0.01
328,-0.230306871,0.141693443,0.01
329,-0.247377722,0.151941244,0.01
330,-0.236958424,0.179494408,0.01
331,-0.14486719,0.151286789,0.01
332,-0.137630826,0.247517154,0.01
333,-0.256688868,0.17935465,0.01
334,-0.217179455,0.176787753,0.01
335,-0.068095454,0.264301107,0.01
336,-0.147571632,0.264707755,0.01
337,0.110264531,0.263306658,0.01
338,-0.187402901,0.367523846,0.01
339,0.128386701,0.111309285,0.01
340,-0.212197201,0.033022479,0.01
341,0.144646506,0.080129943,0.01
342,0.178898025,0.060018505,0.01
343,-0.157531066,0.350405082,0.01
344,0.127533956,0.030610117,0.01
345,-0.212421987,0.052707815,0.01
346,-0.256921059,0.350425573,0.01
347,-0.256938903,0.247785331,0.01
348,-0.312572602,0.269388232,0.01
349,-0.332591333,0.279442202,0.01
350,-0.349279212,0.328959155,0.01
351,-0.332177476,0.318890454,0.01
352,-0.306186693,0.401579451,0.01
353,-0.209198134,-0.40253783,0.01
354,-0.209481729,-0.368144688,0.01
355,-0.199665762,-0.35085146,0.01
356,-0.180002528,-0.350612004,0.01
357,-0.170298877,-0.333376533,0.01
358,-0.160663814,-0.316157582,0.01
359,-0.190621786,-0.299226254,0.01
360,-0.210412197,-0.299402125,0.01
361,-0.316205818,-0.242571887,0.01
362,-0.248634252,-0.300918657,0.01
363,-0.026048005,0.160508935,0.01
364,-0.31554476,-0.104724704,0.01
365,-0.384996059,-0.2030546,0.01
366,-0.333592188,-0.291906689,0.01
367,-0.350352831,-0.183435282,0.01
368,-0.068218458,0.195704631,0.01
369,-0.057885623,0.179024188,0.01
370,-0.137650223,0.213215439,0.01
371,-0.078023711,0.212922224,0.01
372,-0.179051058,0.131308911,0.01
373,-0.229935467,0.161404165,0.01
374,-0.298715416,0.161489603,0.01
375,-0.264741319,0.161622376,0.01
376,-0.195885345,0.16077877,0.01
377,-0.213076829,0.151414933,0.01
378,-0.05820566,0.281429459,0.01
379,-0.028369976,0.264098814,0.01
380,-0.179030982,0.172027289,0.01
381,-0.187351427,0.264867178,0.01
382,-0.217232735,0.282015808,0.01
383,0.099917524,0.315201892,0.01
384,0.111265496,0.121249611,0.01
385,-0.194807804,0.003430644,0.01
386,-0.147570995,0.367563679,0.01
387,0.144657217,0.060266858,0.01
388,0.161780154,0.050211776,0.01
389,-0.157515582,0.384599792,0.01
390,-0.26679466,0.367492974,0.01
391,-0.197342244,0.350450121,0.01
392,-0.247076517,0.264915747,0.01
393,-0.257090431,0.281997959,0.01
394,-0.296944856,0.281810146,0.01
395,-0.332421199,0.29914844,0.01
396,-0.316586336,0.384504147,0.01
397,-0.189564001,-0.402014293,0.01
398,-0.229159498,-0.368319501,0.01
399,-0.189790585,-0.367859265,0.01
400,-0.160287868,-0.350448971,0.01
401,-0.150584282,-0.333256031,0.01
402,-0.130863072,-0.33318181,0.01
403,-0.264704042,-0.272171468,0.01
404,-0.299227142,-0.272085652,0.01
405,-0.333333179,-0.232691212,0.01
406,-0.298978564,-0.232765041,0.01
407,-0.196153457,0.12154719,0.01
408,-0.31631503,-0.262275043,0.01
409,-0.350570426,-0.262321701,0.01
410,-0.333502094,-0.272167598,0.01
411,-0.09806987,0.179021112,0.01
412,-0.107845759,0.230192489,0.01
413,-0.087955094,0.230097678,0.01
414,-0.281342765,0.052752788,0.01
415,-0.117841303,0.213079657,0.01
416,-0.127823606,0.19585452,0.01
417,-0.088016379,0.195848617,0.01
418,-0.10799914,0.195936182,0.01
419,-0.147570936,0.230431715,0.01
420,-0.107829207,0.264507039,0.01
421,-0.179003832,0.151057587,0.01
422,-0.167476707,0.367491641,0.01
423,0.070283469,0.332513922,0.01
424,-0.167455358,0.264796342,0.01
425,0.10628792,0.206976155,0.01
426,-0.246396095,-0.105022947,0.01
427,-0.068282107,0.36733181,0.01
428,0.140808238,0.226693026,0.01
429,0.12357392,0.216830492,0.01
430,-0.192634996,-0.158507852,0.01
431,-0.227113952,0.367689942,0.01
432,-0.187366432,0.401630502,0.01
433,-0.237059644,0.350484289,0.01
434,-0.147638858,0.401807638,0.01
435,0.10622419,0.18699536,0.01
436,-0.286913158,0.264771989,0.01
437,-0.22720205,0.299113582,0.01
438,-0.247133714,0.299099591,0.01
439,-0.27703698,0.281964802,0.01
440,-0.296596764,0.384447842,0.01
441,-0.169881317,-0.401680578,0.01
442,-0.219381528,-0.385404238,0.01
443,-0.17986162,-0.38478554,0.01
444,-0.140562109,-0.350380142,0.01
445,-0.111165991,-0.33312389,0.01
446,-0.120864797,-0.350374032,0.01
447,-0.170835943,-0.299082668,0.01
448,-0.038128291,0.212727024,0.01
449,-0.07800548,0.247186316,0.01
450,-0.077852452,0.17721828,0.01
451,-0.117760709,0.247406328,0.01
452,-0.048153854,0.229869927,0.01
453,-0.29823117,-0.055589583,0.01
454,-0.316121571,-0.222867748,0.01
455,-0.367612327,-0.252446207,0.01
456,-0.059941435,0.159896455,0.01
457,-0.315694114,0.033083319,0.01
458,-0.298504853,0.04291482,0.01
459,-0.068043146,0.229971324,0.01
460,-0.097940725,0.213005136,0.01
461,-0.127724133,0.29890977,0.01
462,-0.161939052,0.141150506,0.01
463,-0.13766096,0.350428776,0.01
464,-0.187386927,0.333311263,0.01
465,0.020808499,0.349976983,0.01
466,-0.228289932,-0.174148624,0.01
467,0.080189836,0.315148772,0.01
468,0.070416324,0.297780087,0.01
469,0.161755412,0.070036674,0.01
470,0.140766956,0.206756577,0.01
471,-0.117849118,0.384980181,0.01
472,0.159186316,0.31559394,0.01
473,-0.276819504,0.350366578,0.01
474,-0.048414197,0.367311181,0.01
475,0.160516022,0.149050184,0.01
476,-0.227065591,0.402765149,0.01
477,-0.22907057,-0.11497044,0.01
478,-0.266938253,0.333279116,0.01
479,-0.117841137,0.350413549,0.01
480,0.106457781,0.226954133,0.01
481,-0.018702225,0.350132356,0.01
482,-0.078188446,0.35023003,0.01
483,-0.331959666,0.33854805,0.01
484,-0.286498541,0.401494584,0.01
485,-0.199619923,-0.38513306,0.01
486,-0.160096687,-0.384607489,0.01
487,-0.170054287,-0.367620226,0.01
488,-0.150302686,-0.367523886,0.01
489,-0.110914517,-0.36765125,0.01
490,-0.299067176,-0.252435041,0.01
491,0.025570078,0.150918809,0.01
492,0.04210401,0.041088369,0.01
493,-0.048231054,0.264200511,0.01
494,-0.088014335,0.298744383,0.01
495,-0.00879135,0.332862427,0.01
496,-0.058124505,0.247082051,0.01
497,-0.298504855,-0.153956395,0.01
498,-0.333408952,-0.252423131,0.01
499,-0.350502843,-0.24254663,0.01
500,-0.350679063,-0.282088265,0.01
501,0.003561503,0.179699379,0.01
502,-0.137667136,0.316096658,0.01
503,-0.028231942,0.229782356,0.01
504,-0.137808669,0.178596325,0.01
505,-0.097914416,0.281618545,0.01
506,0.123497368,0.136949281,0.01
507,-0.009837636,-0.028555243,0.01
508,-0.028593039,0.367368648,0.01
509,-0.024641385,-0.178007221,0.01
510,-0.24645747,-0.045859148,0.01
511,-0.137635356,0.384815116,0.01
512,-0.171824147,-0.230642222,0.01
513,0.178749723,0.099638832,0.01
514,0.160629545,0.228131668,0.01
515,0.140751966,0.126928449,0.01
516,0.140527257,0.246565539,0.01
517,0.160553494,0.208356587,0.01
518,0.178661899,0.27777609,0.01
519,-0.044059692,-0.008582508,0.01
520,0.195864989,0.287366223,0.01
521,0.140724546,0.166871558,0.01
522,0.160505817,0.188574937,0.01
523,-0.107965411,0.367614386,0.01
524,-0.167486032,0.333285501,0.01
525,-0.107912574,0.333182465,0.01
526,-0.098029699,0.35033659,0.01
527,-0.267091076,0.299073741,0.01
528,-0.315111123,0.30893081,0.01
529,-0.15018207,-0.401640065,0.01
530,-0.130487769,-0.401888901,0.01
531,-0.130578953,-0.367559438,0.01
532,-0.081388419,-0.384827888,0.01
533,-0.101033643,-0.385015356,0.01
534,-0.181083473,-0.282053076,0.01
535,-0.298902679,-0.213060951,0.01
536,-0.038237711,0.246978952,0.01
537,-0.097889431,0.247296431,0.01
538,-0.117776197,0.281712458,0.01
539,-0.112961342,-0.008013598,0.01
540,-0.350479245,-0.222802149,0.01
541,-0.298299934,-0.114611708,0.01
542,-0.38465562,-0.24254834,0.01
543,-0.367683942,-0.212915501,0.01
544,-0.333074004,-0.173596242,0.01
545,-0.179115519,0.111511795,0.01
546,-0.157639636,0.179471819,0.01
547,-0.162125774,0.160788427,0.01
548,-0.157539348,0.213376136,0.01
549,-0.157523966,0.281880293,0.01
550,-0.112775221,0.011770093,0.01
551,0.127554849,0.050482137,0.01
552,-0.043750241,-0.212581512,0.01
553,-0.201484265,-0.248131846,0.01
554,-0.053401819,-0.229815719,0.01
555,-0.182637586,-0.179222499,0.01
556,-0.177672829,0.013365555,0.01
557,-0.246742168,0.032977336,0.01
558,-0.181577113,-0.247899214,0.01
559,-0.16218772,-0.213333541,0.01
560,-0.211012475,-0.142822555,0.01
561,0.10968918,0.332564873,0.01
562,0.160815567,0.247867647,0.01
563,0.129412781,0.332662018,0.01
564,0.161807928,0.010558786,0.01
565,0.161704747,0.089853459,0.01
566,-0.172337519,-0.196282404,0.01
567,-0.038500091,0.384518091,0.01
568,-0.237141982,0.316211239,0.01
569,-0.217212593,0.350491854,0.01
570,-0.287120237,0.299071814,0.01
571,-0.207281247,0.33333775,0.01
572,-0.2967652,0.35026824,0.01
573,-0.110795718,-0.402397319,0.01
574,-0.140347388,-0.384648082,0.01
575,-0.120653505,-0.384839363,0.01
576,-0.041834589,-0.384471013,0.01
577,-0.091292227,-0.367646665,0.01
578,-0.228263345,-0.275354423,0.01
579,-0.264566239,-0.252601497,0.01
580,-0.016272581,0.177564194,0.01
581,0.059789762,0.151174871,0.01
582,0.018412014,0.192824138,0.01
583,-0.0185277,0.281243866,0.01
584,-0.211987412,-0.006473758,0.01
585,-0.127708753,0.230313544,0.01
586,-0.333184529,-0.193286147,0.01
587,-0.367619104,-0.23264856,0.01
588,-0.315681901,-0.144076987,0.01
589,-0.144976898,0.131308033,0.01
590,-0.147611782,0.196220567,0.01
591,-0.107865739,0.298830092,0.01
592,-0.137644763,0.28180097,0.01
593,-0.187377228,0.299080628,0.01
594,-0.0285778,0.332916007,0.01
595,0.093394042,0.050760524,0.01
596,-0.204938494,-0.123892926,0.01
597,-0.152065182,-0.230382156,0.01
598,-0.230530464,-0.232694073,0.01
599,-0.102459613,-0.247135429,0.01
600,-0.211896363,-0.026233769,0.01
601,-0.263690979,-0.095087659,0.01
602,-0.141960152,-0.247441001,0.01
603,-0.263924961,0.023142299,0.01
604,-0.023584014,-0.24710367,0.01
605,0.160500731,0.168802575,0.01
606,0.178849473,0.079831314,0.01
607,0.140750528,0.146900938,0.01
608,0.178539231,0.119428399,0.01
609,-0.225979689,-0.252023966,0.01
610,-0.229652231,-0.154332967,0.01
611,0.11139602,-0.237053143,0.01
612,0.130075007,0.263534564,0.01
613,-0.217236192,0.316220353,0.01
614,-0.257058722,0.316183199,0.01
615,-0.31010717,0.331497935,0.01
616,-0.286724633,0.367386641,0.01
617,-0.07139278,-0.4018325,0.01
618,-0.091090514,-0.402309624,0.01
619,-0.031918101,-0.401578276,0.01
620,-0.061637198,-0.384568821,0.01
621,-0.071596504,-0.367516578,0.01
622,-0.140918374,-0.316050641,0.01
623,-0.131254932,-0.298849904,0.01
624,0.042501638,0.081080544,0.01
625,0.007701697,0.021183074,0.01
626,-0.008518142,0.263996758,0.01
627,0.110565962,0.080530077,0.01
628,0.100171475,0.280543261,0.01
629,-0.160544526,0.022954963,0.01
630,-0.078123511,0.315880872,0.01
631,-0.350442411,-0.203108062,0.01
632,0.008394899,0.160660821,0.01
633,-0.197333951,0.316207264,0.01
634,-0.095606882,0.00169899,0.01
635,-0.132599704,-0.004947453,0.01
636,-0.117811986,0.316036736,0.01
637,0.111165122,0.101275062,0.01
638,-0.078269148,0.011465196,0.01
639,-0.19498825,0.04298855,0.01
640,-0.263842607,-0.134414643,0.01
641,0.144664608,0.000737007,0.01
642,-0.247431422,-0.203509254,0.01
643,-0.230485576,-0.193869659,0.01
644,-0.112103297,-0.264383382,0.01
645,-0.212069038,0.01329587,0.01
646,-0.060290403,0.080822896,0.01
647,-0.06823337,0.333020644,0.01
648,-0.230088939,0.082274445,0.01
649,-0.014657076,-0.195321995,0.01
650,0.085524609,-0.264348004,0.01
651,0.024272063,-0.161225972,0.01
652,-0.014922113,-0.160812054,0.01
653,-0.034308216,-0.195233905,0.01
654,-0.004968727,-0.178146077,0.01
655,0.055439938,-0.247488625,0.01
656,0.149900554,0.264148702,0.01
657,-0.078230973,0.384509546,0.01
658,-0.227163034,0.33334337,0.01
659,-0.296899742,0.316349387,0.01
660,-0.276987669,0.316159551,0.01
661,-0.051666351,-0.401559495,0.01
662,0.007594269,-0.402535188,0.01
663,-0.022029932,-0.384568032,0.01
664,-0.012152658,-0.36747846,0.01
665,-0.00229152,-0.384767067,0.01
666,-0.06181992,-0.350293928,0.01
667,-0.051815626,-0.367399968,0.01
668,-0.101217075,-0.350390311,0.01
669,0.076948629,0.12117926,0.01
670,0.025297181,0.171273867,0.01
671,-0.061642821,-0.058173345,0.01
672,-0.14759423,0.29897934,0.01
673,0.106298562,-0.332790602,0.01
674,-0.166167664,0.07432814,0.01
675,-0.147600646,0.33326774,0.01
676,-0.264352409,0.082369093,0.01
677,-0.078057837,0.281523466,0.01
678,0.160517833,0.129321469,0.01
679,0.161794773,0.030384824,0.01
680,0.127579141,0.07037551,0.01
681,0.110496356,0.060584744,0.01
682,-0.043871502,0.011296598,0.01
683,0.010881621,0.367298933,0.01
684,0.030637752,0.367149248,0.01
685,-0.132306065,-0.230160788,0.01
686,-0.280964061,-0.085169364,0.01
687,-0.24645056,-0.124689071,0.01
688,-0.246927021,0.052689793,0.01
689,-0.101432083,-0.315830824,0.01
690,-0.157540927,0.316142486,0.01
691,-0.111911144,0.071224108,0.01
692,-0.24749448,-0.223060449,0.01
693,0.035209535,-0.212873305,0.01
694,-0.264451989,-0.193482435,0.01
695,0.094010913,-0.227390187,0.01
696,-0.122201703,-0.24726031,0.01
697,0.045256399,-0.229856703,0.01
698,0.045852103,-0.264503615,0.01
699,0.178926614,0.040201769,0.01
700,0.177979877,0.237993352,0.01
701,-0.098072138,0.384745209,0.01
702,-0.058355347,0.384417053,0.01
703,-0.286839138,0.333290596,0.01
704,-0.276683387,0.384483915,0.01
705,-0.012165437,-0.401874235,0.01
706,0.076750804,-0.38437049,0.01
707,-0.031992379,-0.367393176,0.01
708,-0.0420468,-0.350250372,0.01
709,-0.091524491,-0.333149365,0.01
710,-0.230332566,0.121877452,0.01
711,0.025117673,0.051097853,0.01
712,-0.00934387,0.031143026,0.01
713,-0.315798035,-0.163766189,0.01
714,-0.141455105,-0.281758287,0.01
715,-0.03806441,0.176476891,0.01
716,-0.095377002,0.021511425,0.01
717,-0.207285091,0.299107291,0.01
718,-0.177910194,0.053219469,0.01
719,0.001673672,0.212493626,0.01
720,-0.018645324,0.31566709,0.01
721,-0.009699595,-0.008662873,0.01
722,-0.026788208,0.001311259,0.01
723,0.144619722,0.100017155,0.01
724,0.076093882,0.001090971,0.01
725,0.149487159,0.298393422,0.01
726,0.129662053,0.298147567,0.01
727,0.089986554,0.332496546,0.01
728,0.04058222,0.349871252,0.01
729,-0.263723384,-0.03596659,0.01
730,-0.224971676,-0.21327361,0.01
731,-0.177565202,0.033302059,0.01
732,-0.298794552,-0.193346879,0.01
733,-0.027425323,-0.098336687,0.01
734,-0.028501715,0.298491687,0.01
735,-0.048328181,0.298573198,0.01
736,-0.212806863,0.072366388,0.01
737,-0.264241674,-0.173768306,0.01
738,-0.052978813,-0.26430648,0.01
739,0.195571457,0.129240202,0.01
740,-0.131840085,-0.264524177,0.01
741,-0.151614195,-0.264688966,0.01
742,-0.280991002,-0.104844586,0.01
743,0.086047803,-0.298595675,0.01
744,0.159485421,0.281453572,0.01
745,-0.246924971,0.367626637,0.01
746,0.139401404,0.315482874,0.01
747,-0.247044461,0.333317948,0.01
748,-0.266720849,0.40165294,0.01
749,0.027357213,-0.402187193,0.01
750,0.066712892,-0.36728775,0.01
751,0.116304607,-0.34996864,0.01
752,0.017222248,-0.350345253,0.01
753,-0.081549322,-0.350362612,0.01
754,-0.151049429,-0.298958575,0.01
755,-0.018312068,0.212497148,0.01
756,-0.281800059,-0.242669219,0.01
757,-0.298381633,-0.134281538,0.01
758,0.058908235,-0.088181352,0.01
759,-0.165380206,-0.076836072,0.01
760,-0.16663685,-0.042682072,0.01
761,0.110442077,0.040673776,0.01
762,-0.177433112,0.316179006,0.01
763,-0.058081581,0.212731046,0.01
764,-0.061159186,0.001434651,0.01
765,-0.078043956,0.031303991,0.01
766,-0.162245288,0.101594207,0.01
767,-0.14883649,0.038723075,0.01
768,0.099770612,0.34985281,0.01
769,-0.008839233,0.367400385,0.01
770,0.05053072,0.332592268,0.01
771,0.119940621,0.280723949,0.01
772,0.123493422,0.196872225,0.01
773,-0.191572049,-0.230922392,0.01
774,-0.22928494,0.003406862,0.01
775,0.042617189,0.101065069,0.01
776,-0.155011785,-0.093617367,0.01
777,-0.058282606,0.315802991,0.01
778,0.011593,0.229588689,0.01
779,-0.194845432,0.023256541,0.01
780,-0.246457809,-0.065586145,0.01
781,-0.211231344,-0.265321673,0.01
782,0.128201257,-0.247232462,0.01
783,0.07534349,-0.24715104,0.01
784,-0.298280117,-0.016201336,0.01
785,0.035707163,-0.247154603,0.01
786,-0.076999818,0.130406098,0.01
787,-0.043323918,-0.247075019,0.01
788,0.089885243,0.367154415,0.01
789,-0.088111654,0.401764106,0.01
790,-0.256791928,0.384700514,0.01
791,-0.246904208,0.402059458,0.01
792,-0.068284111,0.40150845,0.01
793,0.047087325,-0.401662867,0.01
794,0.066551515,-0.333015924,0.01
795,0.145431586,-0.217689859,0.01
796,0.128387673,-0.18760704,0.01
797,0.093936819,-0.147577909,0.01
798,-0.052099641,-0.333089835,0.01
799,-0.071826259,-0.333138033,0.01
800,-0.042863807,0.15032303,0.01
801,0.008384636,0.100916872,0.01
802,-0.281901265,-0.262288579,0.01
803,0.093661575,-0.127789106,0.01
804,-0.123853957,-0.144109089,0.01
805,0.110399867,0.020788874,0.01
806,-0.129423458,0.041773907,0.01
807,-0.048393642,0.332960429,0.01
808,0.127611893,0.090301194,0.01
809,-0.038360738,0.281336028,0.01
810,0.05892018,-0.008787047,0.01
811,-0.263821671,0.003437967,0.01
812,-0.077796475,0.051142441,0.01
813,0.011304502,0.263906297,0.01
814,0.041822747,0.001212013,0.01
815,0.080084291,0.349808111,0.01
816,0.144659253,0.040415351,0.01
817,-0.201691064,-0.213946011,0.01
818,-0.178109196,0.090248101,0.01
819,0.059549431,0.07113775,0.01
820,-0.043048058,0.090749037,0.01
821,-0.025999246,0.080860085,0.01
822,-0.263709006,-0.055675558,0.01
823,-0.008953854,0.070959929,0.01
824,-0.246668739,-0.144342065,0.01
825,-0.063045421,-0.24706992,0.01
826,0.095011128,-0.247298439,0.01
827,-0.033232215,-0.26430482,0.01
828,0.008087436,0.061041374,0.01
829,-0.09281917,-0.229856769,0.01
830,0.12790942,-0.266777727,0.01
831,0.119452211,0.349908833,0.01
832,0.120589068,0.244291444,0.01
833,-0.107947998,0.40230343,0.01
834,-0.23697655,0.38492244,0.01
835,-0.207225085,0.401979888,0.01
836,-0.048469514,0.401549866,0.01
837,0.05685891,-0.384431253,0.01
838,0.076597965,-0.350128762,0.01
839,0.179064021,-0.259072224,0.01
840,0.111409775,-0.197383088,0.01
841,0.14537898,-0.177813535,0.01
842,0.086419932,-0.332930675,0.01
843,-0.062175423,-0.315905784,0.01
844,-0.191308234,-0.26507851,0.01
845,-0.161248218,-0.28189701,0.01
846,-0.333267809,-0.212980072,0.01
847,-0.002496343,-0.350319184,0.01
848,0.041647189,-0.058406224,0.01
849,-0.061593333,-0.077925191,0.01
850,-0.044403987,-0.068243041,0.01
851,-0.315513933,-0.026020088,0.01
852,-0.157716834,-0.005295802,0.01
853,-0.195304088,0.0626966,0.01
854,-0.008691061,0.298412084,0.01
855,-0.096007859,-0.057885813,0.01
856,-0.088078018,0.333102137,0.01
857,0.059003363,0.011110638,0.01
858,0.093198514,-0.028773202,0.01
859,0.106273682,0.166941583,0.01
860,0.127519656,0.010754093,0.01
861,-0.229400226,0.023126492,0.01
862,-0.018336164,0.246876334,0.01
863,0.179143505,-0.0787314,0.01
864,0.042703759,0.141038789,0.01
865,-0.229183556,-0.134652491,0.01
866,-0.247388309,-0.242865682,0.01
867,-0.263995585,-0.154100979,0.01
868,-0.281124711,0.013316992,0.01
869,-0.181928317,-0.213629892,0.01
870,-0.26375672,-0.016262997,0.01
871,-0.025840793,0.100748658,0.01
872,-0.213210446,0.111844419,0.01
873,-0.0768256,0.15018109,0.01
874,-0.281063851,-0.124507566,0.01
875,-0.20235625,-0.179685002,0.01
876,0.16897067,0.33289284,0.01
877,0.02072308,0.384470958,0.01
878,0.140720881,0.186820206,0.01
879,-0.127798396,0.402295655,0.01
880,-0.028677091,0.401858885,0.01
881,0.066875287,-0.401461649,0.01
882,0.145953804,-0.332470205,0.01
883,0.12837023,-0.207536832,0.01
884,0.162391264,-0.16799864,0.01
885,0.128150397,-0.147821343,0.01
886,0.093437873,-0.108029853,0.01
887,-0.022259777,-0.350274266,0.01
888,-0.042435732,-0.315890605,0.01
889,-0.03234174,-0.333081506,0.01
890,-0.012579926,-0.333099384,0.01
891,0.026926701,-0.333110415,0.01
892,0.037003078,-0.384621455,0.01
893,0.076035606,-0.058474238,0.01
894,0.11093895,-0.137776209,0.01
895,-0.121168349,-0.315954206,0.01
896,-0.075426362,-0.091724312,0.01
897,-0.246427369,-0.085323403,0.01
898,0.110406624,-0.058581748,0.01
899,-0.010033311,-0.088099979,0.01
900,-0.126981504,-0.041326202,0.01
901,-0.13416436,-0.127176025,0.01
902,-0.102918511,-0.212680274,0.01
903,-0.246469757,-0.026145353,0.01
904,-0.195869881,0.082217679,0.01
905,-0.145670259,0.091443475,0.01
906,-0.077336624,0.090790037,0.01
907,0.213544009,-0.11861412,0.01
908,-0.153301605,-0.16171993,0.01
909,-0.060101177,0.100644284,0.01
910,-0.263724432,-0.11475878,0.01
911,-0.059951615,0.120441027,0.01
912,-0.246835884,-0.164100492,0.01
913,-0.211570491,-0.197102557,0.01
914,-0.247125621,0.072437701,0.01
915,0.00825822,0.080974648,0.01
916,-0.013472081,-0.264323435,0.01
917,-0.281351104,-0.163849137,0.01
918,-0.264596446,-0.232920197,0.01
919,0.139681949,0.281053248,0.01
920,0.177794668,0.178633167,0.01
921,0.05041728,0.367054005,0.01
922,0.139169808,0.349954677,0.01
923,-0.018717759,0.384689747,0.01
924,-0.008906973,0.402683816,0.01
925,0.162423904,-0.227855684,0.01
926,0.127978775,-0.127984223,0.01
927,0.110572227,-0.098191111,0.01
928,0.093320624,-0.088237913,0.01
929,0.024456269,-0.048460672,0.01
930,0.076079682,-0.078297384,0.01
931,0.076290124,-0.117907927,0.01
932,-0.027323258,-0.078358816,0.01
933,-0.009914132,-0.10776029,0.01
934,0.128296509,-0.167698648,0.01
935,0.017351927,-0.385031149,0.01
936,-0.074449021,-0.125979122,0.01
937,0.041669791,-0.038555451,0.01
938,0.058856027,-0.068353941,0.01
939,0.093207691,-0.048609284,0.01
940,0.007296678,-0.038514799,0.01
941,-0.164733653,-0.1109468,0.01
942,-0.12461887,-0.109827461,0.01
943,0.127616311,-0.068559753,0.01
944,-0.194570799,-0.036213283,0.01
945,0.110371921,-0.038759511,0.01
946,0.060638623,0.280419459,0.01
947,-0.196044673,0.101821355,0.01
948,0.110372039,0.000924025,0.01
949,-0.129339583,0.061515968,0.01
950,0.162031644,-0.088551312,0.01
951,0.179219212,-0.098566802,0.01
952,-0.11426379,-0.1267595,0.01
953,-0.21309498,0.092101714,0.01
954,0.025573451,0.130952392,0.01
955,0.007893554,0.04111131,0.01
956,-0.211263056,-0.231063165,0.01
957,0.075869011,-0.281529444,0.01
958,-0.04323932,0.070894008,0.01
959,-0.025748596,0.140571526,0.01
960,-0.008649796,0.130761102,0.01
961,-0.200975396,-0.282238304,0.01
962,0.056471773,-0.315892963,0.01
963,0.177849096,0.139133458,0.01
964,0.195930759,0.089659083,0.01
965,0.158931019,0.350033809,0.01
966,0.001002275,0.384717251,0.01
967,0.04048631,0.384284696,0.01
968,0.010862184,0.402018472,0.01
969,0.086682526,-0.401539839,0.01
970,0.145913148,-0.297924208,0.01
971,0.165583184,-0.294162801,0.01
972,0.1624389,-0.207879043,0.01
973,0.145408781,-0.197751653,0.01
974,0.127701055,-0.088367623,0.01
975,0.110733117,-0.117977103,0.01
976,0.196137006,-0.269400763,0.01
977,0.136092524,-0.349835947,0.01
978,0.179399191,-0.238004245,0.01
979,0.144827883,-0.078548664,0.01
980,0.126257042,-0.367226375,0.01
981,0.155888914,-0.34968709,0.01
982,0.17569311,-0.349583046,0.01
983,0.161698038,-0.268755764,0.01
984,-0.027186469,-0.058385502,0.01
985,-0.044640609,-0.088334973,0.01
986,0.09324624,-0.068430781,0.01
987,-0.135030568,-0.092946742,0.01
988,-0.115971223,-0.057944466,0.01
989,0.007401319,-0.01863075,0.01
990,-0.125533161,-0.075472906,0.01
991,0.162125049,-0.108381728,0.01
992,0.123502281,0.156920004,0.01
993,0.123470505,0.176906574,0.01
994,0.161954052,-0.068728403,0.01
995,0.179299682,-0.118413773,0.01
996,-0.128433004,0.101201769,0.01
997,-0.102011309,-0.281528649,0.01
998,-0.263696151,-0.075388909,0.01
999,0.043821514,-0.195462495,0.01
1000,-0.171432935,-0.26487709,0.01
1001,-0.128126016,0.121171089,0.01
1002,-0.077557433,0.070969874,0.01
1003,-0.042797005,0.130445842,0.01
1004,0.054628576,0.177011339,0.01
1005,0.056389684,-0.212062903,0.01
1006,0.212858931,0.119301451,0.01
1007,0.195790791,0.109464787,0.01
1008,0.196008697,0.069846262,0.01
1009,0.188780295,0.332963155,0.01
1010,0.060262309,0.384250399,0.01
1011,0.030617631,0.401565464,0.01
1012,0.0503497,0.401399783,0.01
1013,0.086624671,-0.367255824,0.01
1014,0.116409917,-0.384583552,0.01
1015,0.096473932,-0.350055806,0.01
1016,0.155830858,-0.315118821,0.01
1017,0.162426639,-0.187929127,0.01
1018,0.145248788,-0.257603047,0.01
1019,0.196495449,-0.188172047,0.01
1020,0.196257267,-0.06890115,0.01
1021,0.196450129,-0.128450386,0.01
1022,0.165775313,-0.332337347,0.01
1023,0.213582151,-0.138480508,0.01
1024,0.213423064,-0.078902248,0.01
1025,0.161895138,-0.048907754,0.01
1026,0.196493399,-0.148329907,0.01
1027,0.179456531,-0.178089112,0.01
1028,0.007222545,-0.058383904,0.01
1029,0.058842513,-0.048515974,0.01
1030,0.076025779,-0.03863699,0.01
1031,-0.010038135,-0.068310617,0.01
1032,0.196320781,-0.088741727,0.01
1033,0.144924212,-0.098363799,0.01
1034,0.179436981,-0.218007618,0.01
1035,0.213029685,-0.258824802,0.01
1036,0.145043225,-0.118187315,0.01
1037,-0.097966908,0.315962328,0.01
1038,0.042683935,0.121051496,0.01
1039,0.196388774,-0.108590088,0.01
1040,-0.009144656,0.051050721,0.01
1041,-0.064706692,-0.108531312,0.01
1042,-0.026190215,0.060974801,0.01
1043,-0.161746725,-0.247656291,0.01
1044,-0.072705544,-0.26434227,0.01
1045,-0.11156904,0.091064514,0.01
1046,0.040881561,0.280929028,0.01
1047,0.05911621,0.031034471,0.01
1048,-0.094849834,0.061177994,0.01
1049,-0.042892785,0.110598111,0.01
1050,0.094444062,-0.207084923,0.01
1051,0.177865713,0.218187235,0.01
1052,0.196444416,0.307124777,0.01
1053,0.178844204,0.315679026,0.01
1054,0.070180992,0.367067541,0.01
1055,0.109538105,0.367224086,0.01
1056,0.070058542,0.40151477,0.01
1057,0.126275541,-0.402891751,0.01
1058,0.146056366,-0.401848299,0.01
1059,0.146017543,-0.367054573,0.01
1060,0.196020049,-0.248730416,0.01
1061,0.10647348,-0.36726415,0.01
1062,0.106485184,-0.401856251,0.01
1063,0.247661864,-0.178462537,0.01
1064,0.264756049,-0.168543856,0.01
1065,-0.173161823,-0.161971213,0.01
1066,0.247675925,-0.079037633,0.01
1067,0.281919007,-0.079147072,0.01
1068,-0.229119582,-0.095264957,0.01
1069,0.247721575,-0.158520099,0.01
1070,0.247878377,-0.138570853,0.01
1071,0.185542355,-0.297681714,0.01
1072,0.18558696,-0.332249092,0.01
1073,0.205401727,-0.33226008,0.01
1074,0.145173892,-0.138030443,0.01
1075,0.11047102,-0.078392121,0.01
1076,0.179373854,-0.138279334,0.01
1077,0.179429421,-0.158169927,0.01
1078,0.162320089,-0.148098181,0.01
1079,0.230701648,-0.148485891,0.01
1080,0.144757299,-0.058733435,0.01
1081,0.230695121,-0.128626893,0.01
1082,0.162226061,-0.128227658,0.01
1083,0.213374565,-0.059059712,0.01
1084,0.196509114,-0.168236007,0.01
1085,-0.00875626,0.150757775,0.01
1086,-0.060506381,0.060987527,0.01
1087,-0.24315428,-0.262106461,0.01
1088,-0.094147393,0.120682615,0.01
1089,-0.077145251,0.11060741,0.01
1090,0.070617222,0.263094091,0.01
1091,0.076752789,0.081190772,0.01
1092,-0.298415793,0.023200477,0.01
1093,-0.280974754,-0.045781329,0.01
1094,0.17781594,0.15887575,0.01
1095,0.178047004,0.257899485,0.01
1096,0.172362026,0.296758307,0.01
1097,0.17871095,0.35019185,0.01
1098,0.080003835,0.384398349,0.01
1099,0.149180749,0.332762804,0.01
1100,0.099666197,0.384571373,0.01
1101,0.185616436,-0.401307774,0.01
1102,0.175709419,-0.384115321,0.01
1103,0.096620833,-0.384472532,0.01
1104,0.13616541,-0.384534174,0.01
1105,0.19548913,-0.349555246,0.01
1106,0.179457402,-0.198034978,0.01
1107,0.155920555,-0.38425974,0.01
1108,0.230633802,-0.168416695,0.01
1109,-0.044218955,-0.028464924,0.01
1110,0.264802166,-0.089027977,0.01
1111,0.281872643,0.000222245,0.01
1112,0.230380748,0.030095067,0.01
1113,-0.155974226,-0.059382844,0.01
1114,0.196109409,0.010397923,0.01
1115,0.175641558,-0.314964987,0.01
1116,0.165800938,-0.366908813,0.01
1117,0.004987259,-0.195397922,0.01
1118,0.127823588,-0.108171208,0.01
1119,0.19641874,-0.228116382,0.01
1120,0.145293184,-0.157905078,0.01
1121,0.014686601,-0.144052394,0.01
1122,-0.078653731,-0.028272864,0.01
1123,-0.177379218,-0.02616175,0.01
1124,-0.093309622,-0.19534521,0.01
1125,0.213486012,-0.098756932,0.01
1126,0.161853529,-0.029087146,0.01
1127,0.144709065,-0.038914988,0.01
1128,-0.146367742,0.071707801,0.01
1129,-0.129782507,0.021989325,0.01
1130,-0.043451219,0.05103305,0.01
1131,0.007536952,0.0012685,0.01
1132,-0.008791296,0.090875252,0.01
1133,-0.145191018,0.111381335,0.01
1134,0.093493948,0.07071463,0.01
1135,0.093955382,0.091238305,0.01
1136,-0.026598914,0.021201691,0.01
1137,0.230212362,0.089546763,0.01
1138,-0.042898328,-0.281511664,0.01
1139,0.213110789,0.079692456,0.01
1140,-0.060958402,0.021292074,0.01
1141,0.059269339,0.050988148,0.01
1142,-0.093491696,0.16026221,0.01
1143,0.195152287,0.148955004,0.01
1144,0.089751242,0.401861982,0.01
1145,0.165843863,-0.401417066,0.01
1146,0.213555766,-0.178299609,0.01
1147,0.007271551,-0.098080159,0.01
1148,0.247580654,-0.198423118,0.01
1149,0.161825853,-0.009265209,0.01
1150,0.213588279,-0.158370218,0.01
1151,-0.112554352,-0.229982797,0.01
1152,0.281901297,-0.099017575,0.01
1153,0.127528775,-0.028921744,0.01
1154,0.247546203,0.020134642,0.01
1155,-0.152591776,-0.196021403,0.01
1156,0.316155144,0.019975511,0.01
1157,0.299012699,0.010098497,0.01
1158,0.178995407,-0.019257141,0.01
1159,0.077348448,-0.196992504,0.01
1160,0.29903218,-0.009728247,0.01
1161,0.127560588,-0.048744932,0.01
1162,0.024558528,-0.195307551,0.01
1163,0.024522802,-0.028593643,0.01
1164,-0.175810016,-0.060195817,0.01
1165,0.077478435,-0.216442465,0.01
1166,0.041730587,-0.018683228,0.01
1167,0.230531875,-0.069049686,0.01
1168,-0.174535316,-0.128224221,0.01
1169,-0.11297173,-0.027737143,0.01
1170,0.230646491,-0.108774633,0.01
1171,-0.298252127,-0.094944786,0.01
1172,0.179031236,-0.039078664,0.01
1173,0.001580559,0.24676808,0.01
1174,0.025304333,0.071051375,0.01
1175,0.024915069,0.031139371,0.01
1176,-0.025738335,0.120647941,0.01
1177,0.088992365,0.197143651,0.01
1178,0.094059227,0.111224847,0.01
1179,0.071827897,0.166998657,0.01
1180,0.071909169,0.186952967,0.01
1181,-0.121701592,-0.281640575,0.01
1182,0.095708864,-0.281308787,0.01
1183,0.212659401,0.139066121,0.01
1184,-0.095106447,0.041356185,0.01
1185,0.025520709,-0.229991497,0.01
1186,-0.230261194,0.102069417,0.01
1187,0.213959242,0.316173332,0.01
1188,0.119303319,0.384587127,0.01
1189,0.21313413,-0.238636091,0.01
1190,0.185600235,-0.366845089,0.01
1191,0.195512195,-0.314937243,0.01
1192,0.205382931,-0.366886559,0.01
1193,-0.013947419,-0.229912682,0.01
1194,0.014773006,-0.178242172,0.01
1195,-0.191500237,-0.138626755,0.01
1196,-0.123221186,-0.178454689,0.01
1197,0.230438558,-0.009548606,0.01
1198,-0.009944802,-0.048438775,0.01
1199,0.196135567,-0.009421464,0.01
1200,0.005795221,-0.229951842,0.01
1201,0.350525156,0.000106925,0.01
1202,0.264680502,0.030001008,0.01
1203,0.024622273,-0.008705228,0.01
1204,-0.034667093,-0.125587165,0.01
1205,0.196206524,-0.049069158,0.01
1206,0.24757447,0.000310843,0.01
1207,-0.026952657,-0.018580262,0.01
1208,-0.133445797,-0.161424458,0.01
1209,0.005063761,-0.12220252,0.01
1210,0.094375417,-0.187255453,0.01
1211,-0.194700139,-0.09486153,0.01
1212,0.036889657,-0.350328032,0.01
1213,-0.095735644,-0.018125371,0.01
1214,-0.004310764,-0.212731745,0.01
1215,0.076046346,-0.018782815,0.01
1216,0.17907987,-0.058902746,0.01
1217,-0.008192491,0.195522061,0.01
1218,0.025538943,0.110980304,0.01
1219,0.076869437,0.101184677,0.01
1220,-0.127929094,0.141172577,0.01
1221,0.100556046,0.245937839,0.01
1222,0.021088301,0.28106885,0.01
1223,0.001288071,0.281157508,0.01
1224,-0.281179123,-0.144177405,0.01
1225,0.213174271,0.059876525,0.01
1226,0.230103463,0.109352298,0.01
1227,0.212670051,0.257405879,0.01
1228,-0.093988487,0.140521644,0.01
1229,0.026083339,-0.264369475,0.01
1230,0.213009513,0.099504503,0.01
1231,0.129198687,0.367220653,0.01
1232,0.109438722,0.402900708,0.01
1233,0.215281319,-0.384248835,0.01
1234,0.205389847,-0.401463363,0.01
1235,0.235033459,-0.384652254,0.01
1236,0.178696748,-0.279040139,0.01
1237,0.1955128,-0.384123984,0.01
1238,0.036942946,-0.176691854,0.01
1239,-0.083182757,-0.212547481,0.01
1240,0.264710498,0.01017704,0.01
1241,-0.246513524,-0.006438318,0.01
1242,0.23049713,-0.049208305,0.01
1243,0.196166846,-0.029243335,0.01
1244,0.333345625,-0.009778182,0.01
1245,0.298985192,0.029922779,0.01
1246,-0.229575413,0.042827423,0.01
1247,0.213246769,0.020241755,0.01
1248,0.230411027,0.010274448,0.01
1249,0.004697905,-0.161036503,0.01
1250,0.36752478,-0.049478465,0.01
1251,0.350452802,-0.0395343,0.01
1252,-0.073611133,-0.19518164,0.01
1253,0.333315244,-0.04945678,0.01
1254,0.24751202,0.039956132,0.01
1255,0.367534775,-0.069376737,0.01
1256,0.367627829,-0.089236938,0.01
1257,-0.095993879,-0.03805239,0.01
1258,0.144679549,-0.019091841,0.01
1259,-0.211961585,-0.085383468,0.01
1260,-0.281000398,-0.026082207,0.01
1261,0.008448332,0.120866803,0.01
1262,0.093313723,0.030841305,0.01
1263,0.0721656,0.227667944,0.01
1264,0.076396767,0.060864833,0.01
1265,0.089035641,0.156986388,0.01
1266,0.080626854,0.245752752,0.01
1267,0.059686655,0.091131294,0.01
1268,0.229804013,0.148894053,0.01
1269,0.195083127,0.18844931,0.01
1270,0.247699337,0.316283703,0.01
1271,-0.082743202,-0.247077269,0.01
1272,-0.137368824,-0.024268401,0.01
1273,0.177809127,0.198402665,0.01
1274,0.148908647,0.367207844,0.01
1275,0.138953769,0.384470808,0.01
1276,0.12911872,0.401904572,0.01
1277,0.225178771,-0.402038938,0.01
1278,0.196462048,-0.208132566,0.01
1279,0.333333887,-0.029604745,0.01
1280,-0.033681064,-0.229858144,0.01
1281,-0.22983313,0.062523545,0.01
1282,0.213274173,0.000422158,0.01
1283,-0.063466077,-0.212533309,0.01
1284,-0.194688687,-0.016370595,0.01
1285,0.2817238,-0.198424606,0.01
1286,0.298738879,-0.248021332,0.01
1287,0.213335275,-0.039226686,0.01
1288,0.110361678,-0.018924703,0.01
1289,0.178947817,0.020382933,0.01
1290,0.316122309,0.039800162,0.01
1291,-0.177496435,-0.006395449,0.01
1292,0.350483978,0.019902729,0.01
1293,0.111329161,-0.177483545,0.01
1294,0.3505062,-0.019692234,0.01
1295,0.299043846,-0.029561947,0.01
1296,0.316186806,-0.039510458,0.01
1297,0.316173794,-0.079220798,0.01
1298,0.333308793,-0.06932071,0.01
1299,0.384563995,-0.05944301,0.01
1300,-0.052586712,-0.29870917,0.01
1301,-0.014811367,-0.126587529,0.01
1302,-0.061500627,-0.038308148,0.01
1303,-0.211731723,-0.105229058,0.01
1304,0.230574592,-0.088903542,0.01
1305,-0.247174204,-0.28139694,0.01
1306,-0.264061741,0.042856159,0.01
1307,0.089114263,0.217138755,0.01
1308,0.229962746,0.129138568,0.01
1309,0.212431001,0.158779808,0.01
1310,-0.11086369,0.151000932,0.01
1311,-0.003356643,-0.281528123,0.01
1312,0.212375888,0.178515118,0.01
1313,0.195101043,0.168696846,0.01
1314,0.195177273,0.227974715,0.01
1315,0.23069585,0.306466919,0.01
1316,0.115348467,-0.281405674,0.01
1317,0.21331883,0.296700085,0.01
1318,0.208486633,0.334349641,0.01
1319,0.158677572,0.38439639,0.01
1320,0.148796406,0.401588259,0.01
1321,0.24497214,-0.402556495,0.01
1322,0.215268132,-0.349625432,0.01
1323,0.17896899,0.000563199,0.01
1324,0.244874354,-0.367249489,0.01
1325,0.281590129,-0.238210301,0.01
1326,0.24782739,-0.118792968,0.01
1327,-0.162839365,-0.178981977,0.01
1328,0.281847291,0.02004829,0.01
1329,-0.212024787,-0.065729082,0.01
1330,0.264686429,-0.188478079,0.01
1331,0.264436026,-0.248301939,0.01
1332,0.230466573,-0.029375527,0.01
1333,-0.229195186,-0.0360353,0.01
1334,0.333332058,0.010033452,0.01
1335,-0.113052952,-0.195543149,0.01
1336,0.093214737,-0.008920987,0.01
1337,0.264735357,-0.009650115,0.01
1338,0.316181986,-0.059363148,0.01
1339,0.281907194,-0.039445357,0.01
1340,0.316149267,-0.099074391,0.01
1341,0.299049292,-0.049405638,0.01
1342,0.350425854,-0.059410191,0.01
1343,0.384690122,-0.079337023,0.01
1344,-0.111415741,-0.298743923,0.01
1345,-0.027088523,-0.038476351,0.01
1346,-0.022675664,-0.315895811,0.01
1347,-0.136131095,-0.05872811,0.01
1348,0.058865403,-0.028661689,0.01
1349,-0.144537854,-0.11032334,0.01
1350,-0.038454059,0.315733804,0.01
1351,0.071569177,0.207683125,0.01
1352,0.247106288,0.138967055,0.01
1353,0.212372778,0.198251219,0.01
1354,0.229653954,0.188327242,0.01
1355,0.212414083,0.217984652,0.01
1356,0.195107883,0.208208065,0.01
1357,0.212495137,0.237712066,0.01
1358,0.212917375,0.277092195,0.01
1359,0.248101908,0.335747701,0.01
1360,0.195266923,0.247760503,0.01
1361,0.198355596,0.350881337,0.01
1362,0.168661379,0.36729474,0.01
1363,0.178426745,0.384581084,0.01
1364,0.168486816,0.401536246,0.01
1365,0.254785945,-0.384549918,0.01
1366,0.225136928,-0.367001664,0.01
1367,0.213424261,-0.279356459,0.01
1368,0.247407149,-0.21847491,0.01
1369,0.225191538,-0.332375163,0.01
1370,0.23057842,-0.188362998,0.01
1371,-0.142430664,-0.213082284,0.01
1372,-0.078455638,-0.008379852,0.01
1373,0.247708215,-0.098901319,0.01
1374,0.281766588,-0.118918936,0.01
1375,0.298975526,-0.108987629,0.01
1376,0.247649944,-0.059188266,0.01
1377,-0.187896923,-0.113524769,0.01
1378,-0.146765357,-0.041830998,0.01
1379,0.281892339,-0.019608154,0.01
1380,0.316178475,0.00015435,0.01
1381,0.316187875,-0.019671408,0.01
1382,-0.229208865,-0.016323912,0.01
1383,0.264756859,-0.029482038,0.01
1384,0.367694351,-0.109031938,0.01
1385,0.281815245,0.03987174,0.01
1386,0.299048245,-0.069258777,0.01
1387,0.333308851,-0.089174124,0.01
1388,-0.191998138,-0.196622825,0.01
1389,-0.315924329,-0.183460625,0.01
1390,-0.074031132,-0.160561922,0.01
1391,0.007732333,-0.367638248,0.01
1392,-0.143745647,-0.144464372,0.01
1393,-0.09434606,0.100828337,0.01
1394,-0.026395551,0.041089277,0.01
1395,-0.112414101,0.031614065,0.01
1396,-0.246605503,0.013270729,0.01
1397,0.229685722,0.168608449,0.01
1398,0.264207252,0.188245886,0.01
1399,0.24694364,0.178424614,0.01
1400,0.229672036,0.208042435,0.01
1401,0.230052243,0.26710663,0.01
1402,0.230334629,0.286766443,0.01
1403,0.264970199,0.326188648,0.01
1404,0.195544433,0.267503811,0.01
1405,0.218171703,0.351225153,0.01
1406,0.188374355,0.367681577,0.01
1407,0.198216169,0.384993918,0.01
1408,0.188223419,0.401802146,0.01
1409,0.235173944,-0.315170664,0.01
1410,0.21344476,-0.218222093,0.01
1411,0.213509183,-0.198249956,0.01
1412,0.230258812,-0.228542472,0.01
1413,0.281853293,-0.158602776,0.01
1414,0.247307288,-0.238464333,0.01
1415,0.205488682,-0.297634463,0.01
1416,0.015438706,-0.21275566,0.01
1417,0.264800941,-0.148622688,0.01
1418,0.264802491,-0.108911851,0.01
1419,0.316069583,-0.158595715,0.01
1420,0.299033449,-0.089119514,0.01
1421,-0.061348767,-0.018438449,0.01
1422,0.247600076,-0.019516401,0.01
1423,-0.194907732,-0.056043733,0.01
1424,0.247624929,-0.039348749,0.01
1425,0.264775714,-0.049320637,0.01
1426,0.33330152,-0.109004309,0.01
1427,0.024500946,-0.107887015,0.01
1428,0.105873241,-0.298519328,0.01
1429,0.07632704,-0.315815136,0.01
1430,0.060029743,-0.167427593,0.01
1431,0.196084123,0.030215575,0.01
1432,0.041729087,-0.098068329,0.01
1433,-0.1047141,-0.109371989,0.01
1434,-0.17499141,-0.094075907,0.01
1435,-0.078781884,-0.048161474,0.01
1436,0.050673999,0.298091856,0.01
1437,-0.281048643,-0.006383508,0.01
1438,-0.111280404,0.11096932,0.01
1439,-0.264624915,-0.213204526,0.01
1440,0.076268144,0.040908722,0.01
1441,0.247004568,0.158707637,0.01
1442,0.264229092,0.168527774,0.01
1443,0.264229704,0.207953316,0.01
1444,0.281473877,0.198084482,0.01
1445,0.246939383,0.198134754,0.01
1446,0.229734996,0.227748248,0.01
1447,0.229861114,0.247433675,0.01
1448,0.228443978,0.330068685,0.01
1449,0.237633362,0.351628325,0.01
1450,0.208155716,0.368136456,0.01
1451,0.217987035,0.3854724,0.01
1452,0.208005069,0.402354122,0.01
1453,0.264761078,-0.401746892,0.01
1454,0.264672552,-0.367230486,0.01
1455,0.230497575,-0.20832859,0.01
1456,0.230161695,-0.248634507,0.01
1457,0.255035327,-0.315320569,0.01
1458,0.225351924,-0.295405401,0.01
1459,0.230206027,-0.268632358,0.01
1460,0.215364664,-0.314965988,0.01
1461,0.298880066,-0.188432955,0.01
1462,0.281770503,-0.138685891,0.01
1463,0.264791471,-0.069168061,0.01
1464,-0.229230396,-0.075517716,0.01
1465,0.316098272,-0.138743992,0.01
1466,0.213302616,-0.019400146,0.01
1467,0.316124733,-0.118908789,0.01
1468,0.281917046,-0.059291143,0.01
1469,0.367721859,0.009968399,0.01
1470,0.125968061,-0.298123928,0.01
1471,-0.002910885,-0.315909363,0.01
1472,0.096192415,-0.315716944,0.01
1473,0.043090658,-0.157663734,0.01
1474,-0.094377358,-0.126387936,0.01
1475,0.367621508,-0.029599194,0.01
1476,0.076645013,-0.137637129,0.01
1477,-0.145483946,-0.076187513,0.01
1478,-0.063977989,-0.177795173,0.01
1479,-0.044348496,-0.048354395,0.01
1480,-0.158356169,0.056006127,0.01
1481,0.10625944,0.14697259,0.01
1482,-0.094596941,0.080988259,0.01
1483,0.060699324,0.245817476,0.01
1484,0.046355735,-0.298749302,0.01
1485,0.230289712,0.069732034,0.01
1486,-0.298337774,0.003497627,0.01
1487,0.281466036,0.17836231,0.01
1488,0.281491547,0.158625939,0.01
1489,0.264295546,0.227650287,0.01
1490,0.246981502,0.217835736,0.01
1491,0.247073912,0.237522906,0.01
1492,0.247646403,0.29654641,0.01
1493,0.263239854,0.348781959,0.01
1494,0.227853738,0.368507825,0.01
1495,0.23775178,0.385520471,0.01
1496,0.227826475,0.402810508,0.01
1497,0.274595972,-0.384408296,0.01
1498,0.25478793,-0.349954288,0.01
1499,0.245164262,-0.298030193,0.01
1500,0.24499106,-0.332535867,0.01
1501,0.315973128,-0.317221755,0.01
1502,0.281622552,-0.277934552,0.01
1503,0.264474334,-0.268234175,0.01
1504,0.264565375,-0.208435444,0.01
1505,0.247309642,-0.258425915,0.01
1506,0.350348287,-0.158582732,0.01
1507,0.333192325,-0.168517656,0.01
1508,0.298938312,-0.148656468,0.01
1509,0.367732344,-0.009788066,0.01
1510,0.350446009,-0.079280808,0.01
1511,0.264642627,0.049822385,0.01
1512,0.384901806,-0.099161752,0.01
1513,-0.132820469,-0.195773407,0.01
1514,-0.06432753,-0.143134575,0.01
1515,-0.115127449,-0.092433385,0.01
1516,-0.0447269,-0.108317149,0.01
1517,-0.083688189,-0.177965702,0.01
1518,-0.02480845,-0.143533135,0.01
1519,0.333294224,0.029851413,0.01
1520,-0.082418132,-0.281644276,0.01
1521,0.059781006,0.111125579,0.01
1522,-0.316034553,-0.203161898,0.01
1523,-0.189193213,-0.07537195,0.01
1524,-0.0443127,-0.177922434,0.01
1525,-0.06816762,0.298657555,0.01
1526,0.037456032,0.187106276,0.01
1527,0.050799755,0.263094762,0.01
1528,0.090158834,0.297830902,0.01
1529,-0.043666881,0.031167502,0.01
1530,0.281541618,0.138872256,0.01
1531,0.264287838,0.148792156,0.01
1532,0.281518808,0.217796231,0.01
1533,0.281598646,0.23750145,0.01
1534,0.264403522,0.24733922,0.01
1535,0.281881567,0.336160127,0.01
1536,0.267310216,0.368353416,0.01
1537,0.247679886,0.368376223,0.01
1538,0.257646007,0.385395989,0.01
1539,0.269070041,0.401359017,0.01
1540,0.247699338,0.402355595,0.01
1541,0.324189304,-0.401700636,0.01
1542,0.294482254,-0.384314898,0.01
1543,0.235036912,-0.349763095,0.01
1544,0.264754534,-0.332780538,0.01
1545,0.263499899,-0.290116607,0.01
1546,0.298758187,-0.228168814,0.01
1547,0.281590347,-0.258081725,0.01
1548,0.264470734,-0.228376206,0.01
1549,0.298935825,-0.168546156,0.01
1550,0.333274691,-0.128827038,0.01
1551,0.350478113,-0.099114247,0.01
1552,0.367512953,-0.148642919,0.01
1553,0.333252591,0.049685026,0.01
1554,0.111166831,-0.157603591,0.01
1555,0.077383611,-0.177145268,0.01
1556,-0.004970938,-0.143660944,0.01
1557,-0.103992437,-0.143759006,0.01
1558,0.145423098,-0.237678677,0.01
1559,-0.095209457,-0.091931065,0.01
1560,-0.084833705,-0.109027003,0.01
1561,-0.105656523,-0.075044707,0.01
1562,-0.213247929,0.131618121,0.01
1563,-0.054557587,-0.125709658,0.01
1564,-0.113611769,-0.161118041,0.01
1565,-0.054302359,-0.160383339,0.01
1566,0.09413344,0.131204976,0.01
1567,-0.211957321,-0.045946342,0.01
1568,-0.008344479,0.229648475,0.01
1569,0.093253523,0.010949472,0.01
1570,0.080404731,0.280453394,0.01
1571,0.001051564,0.35007909,0.01
1572,0.025446712,0.091012048,0.01
1573,-0.264213545,0.062594724,0.01
1574,0.298706556,0.168475331,0.01
1575,0.298707595,0.188218111,0.01
1576,0.298879254,0.247394331,0.01
1577,0.281707868,0.257205856,0.01
1578,0.264549894,0.267025772,0.01
1579,0.247417745,0.276865969,0.01
1580,0.299078919,0.346031634,0.01
1581,0.281969107,0.355748383,0.01
1582,0.279301571,0.384220282,0.01
1583,0.299217335,0.385221682,0.01
1584,0.288878163,0.401710755,0.01
1585,0.344007918,-0.402484714,0.01
1586,0.304400833,-0.401425437,0.01
1587,0.28457545,-0.401467871,0.01
1588,0.284537409,-0.367216668,0.01
1589,0.274820285,-0.31580132,0.01
1590,0.333133326,-0.307378898,0.01
1591,0.281639828,-0.218325078,0.01
1592,0.298949942,-0.128815091,0.01
1593,0.28180762,-0.178511385,0.01
1594,0.333232866,-0.148663752,0.01
1595,0.38453321,-0.158594749,0.01
1596,0.384957637,-0.118907439,0.01
1597,0.367643751,-0.128806392,0.01
1598,0.247467213,0.059775578,0.01
1599,0.015931412,-0.247174566,0.01
1600,0.041802384,-0.137815925,0.01
1601,0.016423562,-0.281548395,0.01
1602,0.056718834,-0.350213165,0.01
1603,-0.023129691,-0.281512369,0.01
1604,0.02446632,-0.088113711,0.01
1605,-0.084140152,-0.143413144,0.01
1606,-0.093802787,-0.160817921,0.01
1607,-0.280962688,-0.065479446,0.01
1608,-0.281692606,-0.203259319,0.01
1609,0.054785944,0.196939358,0.01
1610,0.041668622,-0.078240566,0.01
1611,0.076976688,0.14117295,0.01
1612,0.021963933,0.246345512,0.01
1613,0.042563253,0.161209341,0.01
1614,0.020933184,0.315503101,0.01
1615,-0.128865921,0.081306409,0.01
1616,0.001147275,0.315593178,0.01
1617,0.196053737,0.050031699,0.01
1618,0.298731398,0.148719551,0.01
1619,0.315948733,0.198099912,0.01
1620,0.2987384,0.207948604,0.01
1621,0.298797415,0.227671495,0.01
1622,0.31612724,0.257329236,0.01
1623,0.247218141,0.257198407,0.01
1624,0.28200477,0.316376027,0.01
1625,0.316246681,0.336342863,0.01
1626,0.298962871,0.365751019,0.01
1627,0.316392151,0.375503452,0.01
1628,0.309131155,0.402316468,0.01
1629,0.379146846,-0.403073106,0.01
1630,0.294466479,-0.35009854,0.01
1631,0.27461961,-0.35002193,0.01
1632,0.304473095,-0.367215291,0.01
1633,0.247425494,-0.278364695,0.01
1634,0.298760805,-0.267871925,0.01
1635,0.29881202,-0.208307803,0.01
1636,0.315934978,-0.218158214,0.01
1637,0.350315725,-0.198265698,0.01
1638,0.333159403,-0.188365914,0.01
1639,0.36743786,-0.16852659,0.01
1640,0.384876947,-0.01968088,0.01
1641,0.384853527,0.019840189,0.01
1642,0.076166622,-0.098107259,0.01
1643,0.016859295,-0.315920736,0.01
1644,0.059015811,-0.107999943,0.01
1645,0.056040329,-0.281592989,0.01
1646,0.046707914,-0.333090077,0.01
1647,-0.247291058,0.092234221,0.01
1648,-0.009533642,0.011236907,0.01
1649,0.046772685,-0.367403017,0.01
1650,-0.154102136,-0.127587494,0.01
1651,-0.298245776,-0.035898071,0.01
1652,-0.298651167,-0.173644731,0.01
1653,0.041945326,0.021133834,0.01
1654,-0.16368005,-0.144784819,0.01
1655,0.052220771,0.227879858,0.01
1656,0.076166916,0.020986945,0.01
1657,0.090427218,0.26314796,0.01
1658,0.010981888,0.332783971,0.01
1659,-0.315621362,0.013380887,0.01
1660,-0.081854539,-0.315960241,0.01
1661,0.298773482,0.128951466,0.01
1662,0.315924275,0.178346596,0.01
1663,0.333141308,0.188244787,0.01
1664,0.315995838,0.217840935,0.01
1665,0.31605741,0.237579775,0.01
1666,0.281830824,0.276917923,0.01
1667,0.26481879,0.306462147,0.01
1668,0.281930083,0.296646424,0.01
1669,0.33329574,0.34658207,0.01
1670,0.316161806,0.356023012,0.01
1671,0.335945192,0.371429786,0.01
1672,0.326192966,0.39239678,0.01
1673,0.398952181,-0.402497603,0.01
1674,0.314372572,-0.38431769,0.01
1675,0.28463957,-0.332872303,0.01
1676,0.294854674,-0.315004873,0.01
1677,0.315937313,-0.297512547,0.01
1678,0.315900985,-0.23798728,0.01
1679,0.316036294,-0.178463794,0.01
1680,0.384517295,-0.178513448,0.01
1681,0.384640581,-0.039538969,0.01
1682,0.350319416,-0.178443611,0.01
1683,0.35047171,-0.118917885,0.01
1684,0.385042443,7.80E-05,0.01
1685,0.367593839,0.029775443,0.01
1686,0.333228426,0.069519411,0.01
1687,0.16246019,-0.24804273,0.01
1688,0.007210882,-0.078227394,0.01
1689,-0.044544728,-0.142970931,0.01
1690,0.059733978,-0.147558272,0.01
1691,0.007173799,-0.33311621,0.01
1692,-0.008678924,0.110804861,0.01
1693,-0.281774298,-0.222987205,0.01
1694,-0.060735888,0.041142367,0.01
1695,0.008429948,0.140806624,0.01
1696,0.032293407,0.229248777,0.01
1697,-0.053960899,-0.195187243,0.01
1698,0.030900258,0.298222898,0.01
1699,0.031076501,0.263804765,0.01
1700,0.08907331,0.176950614,0.01
1701,0.021524382,0.212423449,0.01
1702,0.011107594,0.298328673,0.01
1703,-0.112168093,0.051456335,0.01
1704,-0.062664476,-0.281543853,0.01
1705,0.315927636,0.158580606,0.01
1706,0.33311923,0.168462577,0.01
1707,0.350301689,0.178373564,0.01
1708,0.333189761,0.208006876,0.01
1709,0.333242642,0.227756387,0.01
1710,0.333288729,0.247516634,0.01
1711,0.264713494,0.286724906,0.01
1712,0.299092339,0.326351537,0.01
1713,0.333429549,0.326755305,0.01
1714,0.349931235,0.357162973,0.01
1715,0.351367557,0.384139833,0.01
1716,0.342960227,0.402276564,0.01
1717,0.3265678,-0.366002561,0.01
1718,0.304385465,-0.332978305,0.01
1719,0.281909137,-0.297658129,0.01
1720,0.333070092,-0.287486362,0.01
1721,0.350214305,-0.297244675,0.01
1722,0.315942715,-0.277653718,0.01
1723,0.315898414,-0.257817871,0.01
1724,0.315986005,-0.198319925,0.01
1725,0.333124178,-0.208186586,0.01
1726,0.402100225,-0.128871869,0.01
1727,0.401528979,-0.168524788,0.01
1728,0.298951308,0.049746284,0.01
1729,0.076973213,-0.157423189,0.01
1730,0.006299034,-0.264350289,0.01
1731,0.094237118,-0.167378847,0.01
1732,0.108376769,-0.262471948,0.01
1733,0.144181469,-0.278145724,0.01
1734,0.036651812,-0.315920034,0.01
1735,0.041886802,-0.117885923,0.01
1736,0.065723465,-0.264428073,0.01
1737,-0.12267,-0.212862313,0.01
1738,0.026541846,-0.298749131,0.01
1739,-0.103436681,-0.17819614,0.01
1740,-0.032796514,-0.298701334,0.01
1741,-0.0598556,0.14018857,0.01
1742,0.059829192,0.131119933,0.01
1743,0.041250343,0.211366325,0.01
1744,-0.034619556,-0.16068859,0.01
1745,-0.247199486,-0.183713709,0.01
1746,0.264368582,0.129033191,0.01
1747,0.036204677,-0.281599981,0.01
1748,0.247221733,0.119195139,0.01
1749,0.333134616,0.148673912,0.01
1750,0.350294536,0.158557208,0.01
1751,0.367420394,0.168471697,0.01
1752,0.350366777,0.198168555,0.01
1753,0.29897388,0.267124654,0.01
1754,0.299061411,0.286865447,0.01
1755,0.299123666,0.306607004,0.01
1756,0.316278061,0.316629449,0.01
1757,0.367646982,0.346857511,0.01
1758,0.367277643,0.366522158,0.01
1759,0.350515836,0.336957373,0.01
1760,0.371302304,0.385546653,0.01
1761,0.334059801,-0.384558687,0.01
1762,0.314319061,-0.350107828,0.01
1763,0.333121499,-0.327347372,0.01
1764,0.298872701,-0.287716777,0.01
1765,0.350301209,-0.317134379,0.01
1766,0.367384011,-0.306914676,0.01
1767,0.350179643,-0.277375494,0.01
1768,0.367296616,-0.287068689,0.01
1769,0.333054437,-0.247784595,0.01
1770,0.350416072,-0.138732239,0.01
1771,0.367529435,-0.208175211,0.01
1772,0.401636924,-0.069369619,0.01
1773,0.128412952,-0.22737917,0.01
1774,0.116115744,-0.315476204,0.01
1775,0.350411909,0.039733468,0.01
1776,0.024435828,-0.068301005,0.01
1777,0.064728855,-0.230500415,0.01
1778,-0.083287869,-0.073327321,0.01
1779,0.00675745,-0.298725175,0.01
1780,0.213215809,0.040059656,0.01
1781,0.264530798,0.089451246,0.01
1782,-0.281226855,0.033025828,0.01
1783,-0.111071795,0.130920565,0.01
1784,-0.072425712,-0.298753504,0.01
1785,0.042339514,0.061095909,0.01
1786,-0.013019459,-0.298710201,0.01
1787,0.127516491,-0.009089172,0.01
1788,0.333202814,0.109120179,0.01
1789,0.315991425,0.119032358,0.01
1790,0.333171058,0.128894315,0.01
1791,0.350345027,0.138755243,0.01
1792,0.315954274,0.138808383,0.01
1793,0.384524532,0.158546307,0.01
1794,0.367473684,0.148630068,0.01
1795,0.350470922,0.237682415,0.01
1796,0.350472913,0.257476887,0.01
1797,0.333332731,0.267305858,0.01
1798,0.316198483,0.277094532,0.01
1799,0.33338255,0.287120499,0.01
1800,0.316260387,0.296866562,0.01
1801,0.333425952,0.306942742,0.01
1802,0.350572559,0.317067537,0.01
1803,0.391146389,0.384221381,0.01
1804,0.384707225,0.35702863,0.01
1805,0.351042187,-0.356859348,0.01
1806,0.368580435,-0.366255637,0.01
1807,0.333734064,-0.347288955,0.01
1808,0.35059371,-0.336938294,0.01
1809,0.367666323,-0.326706847,0.01
1810,0.384421341,-0.296713809,0.01
1811,0.333052023,-0.26761505,0.01
1812,0.350193082,-0.257548803,0.01
1813,0.385104394,-0.236978381,0.01
1814,0.350300993,-0.218033413,0.01
1815,0.40206042,-0.208060279,0.01
1816,0.384734819,-0.138710663,0.01
1817,0.264593595,0.069640136,0.01
1818,-0.229216249,-0.055767925,0.01
1819,0.059096894,-0.127840989,0.01
1820,0.135986143,-0.315267177,0.01
1821,-0.024034512,-0.212658134,0.01
1822,0.126136769,-0.332624918,0.01
1823,-0.092380569,-0.264327935,0.01
1824,0.230342752,0.049914197,0.01
1825,0.26445414,0.109250921,0.01
1826,-0.003829615,-0.247138718,0.01
1827,-0.281533086,-0.183546383,0.01
1828,0.06619176,-0.298711673,0.01
1829,0.316027117,0.099247195,0.01
1830,0.247324427,0.099400438,0.01
1831,-0.143026786,-0.17872214,0.01
1832,0.281604449,0.119100038,0.01
1833,0.350408133,0.099223249,0.01
1834,0.350397366,0.118985959,0.01
1835,0.367592749,0.128836603,0.01
1836,0.384710199,0.138708206,0.01
1837,0.38453539,0.178408198,0.01
1838,0.367492685,0.188311989,0.01
1839,0.350437174,0.217927956,0.01
1840,0.36765145,0.247610861,0.01
1841,0.367579913,0.267466014,0.01
1842,0.350484465,0.277323674,0.01
1843,0.3675893,0.287371549,0.01
1844,0.350528399,0.29719514,0.01
1845,0.367672824,0.307267217,0.01
1846,0.367742367,0.327113053,0.01
1847,0.401570575,0.367305547,0.01
1848,0.362398019,0.403086203,0.01
1849,0.351926486,-0.376647452,0.01
1850,0.361763726,-0.39379369,0.01
1851,0.367980859,-0.34643996,0.01
1852,0.385137843,-0.33620614,0.01
1853,0.384672731,-0.316477245,0.01
1854,0.38439318,-0.27688022,0.01
1855,0.367325289,-0.267239674,0.01
1856,0.333083035,-0.227983702,0.01
1857,0.367390107,-0.247492259,0.01
1858,0.350252692,-0.237764134,0.01
1859,0.367474889,-0.188397746,0.01
1860,0.401588289,-0.049517506,0.01
1861,0.401970906,-0.089212323,0.01
1862,0.402344622,-0.009846196,0.01
1863,0.11123878,-0.217330792,0.01
1864,0.247406164,0.079591662,0.01
1865,0.350371929,0.059587586,0.01
1866,0.02472697,-0.127488056,0.01
1867,0.367489284,0.049639866,0.01
1868,0.350383339,0.079426919,0.01
1869,0.316057977,0.079445638,0.01
1870,-0.16206397,0.121396203,0.01
1871,0.024752739,0.011205116,0.01
1872,0.28166865,0.099310363,0.01
1873,0.333218409,0.089333187,0.01
1874,0.384540923,0.059574553,0.01
1875,0.298822274,0.109170484,0.01
1876,0.384668144,0.079441305,0.01
1877,0.367583345,0.08934149,0.01
1878,0.367643949,0.109100003,0.01
1879,0.384875622,0.099233498,0.01
1880,0.384921523,0.118946331,0.01
1881,0.401686547,0.148675655,0.01
1882,0.367627204,0.208102223,0.01
1883,0.401707925,0.18828638,0.01
1884,0.367694658,0.22784112,0.01
1885,0.384959829,0.218011926,0.01
1886,0.384924088,0.237739819,0.01
1887,0.38471314,0.257575037,0.01
1888,0.384607815,0.277492279,0.01
1889,0.384696828,0.297431862,0.01
1890,0.384882756,0.317323352,0.01
1891,0.385036292,0.337145148,0.01
1892,0.382083373,0.40202623,0.01
1893,0.398487634,-0.38323053,0.01
1894,0.378669039,-0.383246164,0.01
1895,0.402719983,-0.36444694,0.01
1896,0.385293054,-0.355898434,0.01
1897,0.402944987,-0.345142535,0.01
1898,0.40213405,-0.325786037,0.01
1899,0.401669672,-0.306281283,0.01
1900,0.401473678,-0.28666744,0.01
1901,0.401570673,-0.266993906,0.01
1902,0.401995946,-0.247323764,0.01
1903,0.384585005,-0.256968108,0.01
1904,0.402788389,-0.227678703,0.01
1905,0.367556455,-0.227816995,0.01
1906,0.384678263,-0.198454027,0.01
1907,0.402704444,-0.109042234,0.01
1908,0.401667226,-0.188328418,0.01
1909,0.401687275,-0.148696951,0.01
1910,0.281775343,0.059692098,0.01
1911,0.401849241,-0.029673885,0.01
1912,0.367494927,0.069513378,0.01
1913,0.281726503,0.079506384,0.01
1914,0.29891272,0.069565719,0.01
1915,0.060682028,-0.186953654,0.01
1916,0.298869738,0.089375111,0.01
1917,0.40231636,0.009995347,0.01
1918,0.316088445,0.059627043,0.01
1919,0.384615131,0.039689604,0.01
1920,0.401824168,0.029817487,0.01
1921,0.401574533,0.049647028,0.01
1922,0.401632757,0.069476391,0.01
1923,0.401969573,0.089290235,0.01
1924,0.402727736,0.109087856,0.01
1925,0.402087073,0.128883746,0.01
1926,0.401541697,0.168479165,0.01
1927,0.384741391,0.198248035,0.01
1928,0.402127707,0.208090754,0.01
1929,0.4026435,0.227915547,0.01
1930,0.401969169,0.247739806,0.01
1931,0.401646511,0.267603125,0.01
1932,0.401617278,0.28750717,0.01
1933,0.401888497,0.307436324,0.01
1934,0.402468743,0.327384248,0.01
1935,0.402157574,0.347340361,0.01
1936,0.401693654,0.401096829,0.01
1937,-0.421023501,-0.421023501,0.01
1938,-0.404182559,-0.421023501,0.01
1939,-0.387341621,-0.421023501,0.01
1940,-0.370500679,-0.421023501,0.01
1941,-0.353659742,-0.421023501,0.01
1942,-0.3368188,-0.421023501,0.01
1943,-0.319977862,-0.421023501,0.01
1944,-0.30313692,-0.421023501,0.01
1945,-0.286295978,-0.421023501,0.01
1946,-0.269455041,-0.421023501,0.01
1947,-0.252614099,-0.421023501,0.01
1948,-0.235773161,-0.421023501,0.01
1949,-0.218932219,-0.421023501,0.01
1950,-0.202091279,-0.421023501,0.01
1951,-0.18525034,-0.421023501,0.01
1952,-0.1684094,-0.421023501,0.01
1953,-0.15156846,-0.421023501,0.01
1954,-0.13472752,-0.421023501,0.01
1955,-0.117886581,-0.421023501,0.01
1956,-0.10104564,-0.421023501,0.01
1957,-0.0842047,-0.421023501,0.01
1958,-0.06736376,-0.421023501,0.01
1959,-0.05052282,-0.421023501,0.01
1960,-0.03368188,-0.421023501,0.01
1961,-0.01684094,-0.421023501,0.01
1962,1.73E-16,-0.421023501,0.01
1963,0.01684094,-0.421023501,0.01
1964,0.03368188,-0.421023501,0.01
1965,0.05052282,-0.421023501,0.01
1966,0.06736376,-0.421023501,0.01
1967,0.0842047,-0.421023501,0.01
1968,0.10104564,-0.421023501,0.01
1969,0.117886581,-0.421023501,0.01
1970,0.13472752,-0.421023501,0.01
1971,0.15156846,-0.421023501,0.01
1972,0.1684094,-0.421023501,0.01
1973,0.18525034,-0.421023501,0.01
1974,0.202091279,-0.421023501,0.01
1975,0.218932219,-0.421023501,0.01
1976,0.235773161,-0.421023501,0.01
1977,0.252614099,-0.421023501,0.01
1978,0.269455041,-0.421023501,0.01
1979,0.286295978,-0.421023501,0.01
1980,0.30313692,-0.421023501,0.01
1981,0.319977862,-0.421023501,0.01
1982,0.3368188,-0.421023501,0.01
1983,0.353659742,-0.421023501,0.01
1984,0.370500679,-0.421023501,0.01
1985,0.387341621,-0.421023501,0.01
1986,0.404182559,-0.421023501,0.01
1987,0.421023501,-0.421023501,0.01
1988,-0.421023501,0.421023501,0.01
1989,-0.404182559,0.421023501,0.01
1990,-0.387341621,0.421023501,0.01
1991,-0.370500679,0.421023501,0.01
1992,-0.353659742,0.421023501,0.01
1993,-0.3368188,0.421023501,0.01
1994,-0.319977862,0.421023501,0.01
1995,-0.30313692,0.421023501,0.01
1996,-0.286295978,0.421023501,0.01
1997,-0.269455041,0.421023501,0.01
1998,-0.252614099,0.421023501,0.01
1999,-0.235773161,0.421023501,0.01
2000,-0.218932219,0.421023501,0.01
2001,-0.202091279,0.421023501,0.01
2002,-0.18525034,0.421023501,0.01
2003,-0.1684094,0.421023501,0.01
2004,-0.15156846,0.421023501,0.01
2005,-0.13472752,0.421023501,0.01
2006,-0.117886581,0.421023501,0.01
2007,-0.10104564,0.421023501,0.01
2008,-0.0842047,0.421023501,0.01
2009,-0.06736376,0.421023501,0.01
2010,-0.05052282,0.421023501,0.01
2011,-0.03368188,0.421023501,0.01
2012,-0.01684094,0.421023501,0.01
2013,1.73E-16,0.421023501,0.01
2014,0.01684094,0.421023501,0.01
2015,0.03368188,0.421023501,0.01
2016,0.05052282,0.421023501,0.01
2017,0.06736376,0.421023501,0.01
2018,0.0842047,0.421023501,0.01
2019,0.10104564,0.421023501,0.01
2020,0.117886581,0.421023501,0.01
2021,0.13472752,0.421023501,0.01
2022,0.15156846,0.421023501,0.01
2023,0.1684094,0.421023501,0.01
2024,0.18525034,0.421023501,0.01
2025,0.202091279,0.421023501,0.01
2026,0.218932219,0.421023501,0.01
2027,0.235773161,0.421023501,0.01
2028,0.252614099,0.421023501,0.01
2029,0.269455041,0.421023501,0.01
2030,0.286295978,0.421023501,0.01
2031,0.30313692,0.421023501,0.01
2032,0.319977862,0.421023501,0.01
2033,0.3368188,0.421023501,0.01
2034,0.353659742,0.421023501,0.01
2035,0.370500679,0.421023501,0.01
2036,0.387341621,0.421023501,0.01
2037,0.404182559,0.421023501,0.01
2038,0.421023501,0.421023501,0.01
2039,-0.421023501,-0.404182559,0.01
2040,-0.421023501,-0.387341621,0.01
2041,-0.421023501,-0.370500679,0.01
2042,-0.421023501,-0.353659742,0.01
2043,-0.421023501,-0.3368188,0.01
2044,-0.421023501,-0.319977862,0.01
2045,-0.421023501,-0.30313692,0.01
2046,-0.421023501,-0.286295978,0.01
2047,-0.421023501,-0.269455041,0.01
2048,-0.421023501,-0.252614099,0.01
2049,-0.421023501,-0.235773161,0.01
2050,-0.421023501,-0.218932219,0.01
2051,-0.421023501,-0.202091279,0.01
2052,-0.421023501,-0.18525034,0.01
2053,-0.421023501,-0.1684094,0.01
2054,-0.421023501,-0.15156846,0.01
2055,-0.421023501,-0.13472752,0.01
2056,-0.421023501,-0.117886581,0.01
2057,-0.421023501,-0.10104564,0.01
2058,-0.421023501,-0.0842047,0.01
2059,-0.421023501,-0.06736376,0.01
2060,-0.421023501,-0.05052282,0.01
2061,-0.421023501,-0.03368188,0.01
2062,-0.421023501,-0.01684094,0.01
2063,-0.421023501,1.73E-16,0.01
2064,-0.421023501,0.01684094,0.01
2065,-0.421023501,0.03368188,0.01
2066,-0.421023501,0.05052282,0.01
2067,-0.421023501,0.06736376,0.01
2068,-0.421023501,0.0842047,0.01
2069,-0.421023501,0.10104564,0.01
2070,-0.421023501,0.117886581,0.01
2071,-0.421023501,0.13472752,0.01
2072,-0.421023501,0.15156846,0.01
2073,-0.421023501,0.1684094,0.01
2074,-0.421023501,0.18525034,0.01
2075,-0.421023501,0.202091279,0.01
2076,-0.421023501,0.218932219,0.01
2077,-0.421023501,0.235773161,0.01
2078,-0.421023501,0.252614099,0.01
2079,-0.421023501,0.269455041,0.01
2080,-0.421023501,0.286295978,0.01
2081,-0.421023501,0.30313692,0.01
2082,-0.421023501,0.319977862,0.01
2083,-0.421023501,0.3368188,0.01
2084,-0.421023501,0.353659742,0.01
2085,-0.421023501,0.370500679,0.01
2086,-0.421023501,0.387341621,0.01
2087,-0.421023501,0.404182559,0.01
2088,0.421023501,-0.404182559,0.01
2089,0.421023501,-0.387341621,0.01
2090,0.421023501,-0.370500679,0.01
2091,0.421023501,-0.353659742,0.01
2092,0.421023501,-0.3368188,0.01
2093,0.421023501,-0.319977862,0.01
2094,0.421023501,-0.30313692,0.01
2095,0.421023501,-0.286295978,0.01
2096,0.421023501,-0.269455041,0.01
2097,0.421023501,-0.252614099,0.01
2098,0.421023501,-0.235773161,0.01
2099,0.421023501,-0.218932219,0.01
2100,0.421023501,-0.202091279,0.01
2101,0.421023501,-0.18525034,0.01
2102,0.421023501,-0.1684094,0.01
2103,0.421023501,-0.15156846,0.01
2104,0.421023501,-0.13472752,0.01
2105,0.421023501,-0.117886581,0.01
2106,0.421023501,-0.10104564,0.01
2107,0.421023501,-0.0842047,0.01
2108,0.421023501,-0.06736376,0.01
2109,0.421023501,-0.05052282,0.01
2110,0.421023501,-0.03368188,0.01
2111,0.421023501,-0.01684094,0.01
2112,0.421023501,1.73E-16,0.01
2113,0.421023501,0.01684094,0.01
2114,0.421023501,0.03368188,0.01
2115,0.421023501,0.05052282,0.01
2116,0.421023501,0.06736376,0.01
2117,0.421023501,0.0842047,0.01
2118,0.421023501,0.10104564,0.01
2119,0.421023501,0.117886581,0.01
2120,0.421023501,0.13472752,0.01
2121,0.421023501,0.15156846,0.01
2122,0.421023501,0.1684094,0.01
2123,0.421023501,0.18525034,0.01
2124,0.421023501,0.202091279,0.01
2125,0.421023501,0.218932219,0.01
2126,0.421023501,0.235773161,0.01
2127,0.421023501,0.252614099,0.01
2128,0.421023501,0.269455041,0.01
2129,0.421023501,0.286295978,0.01
2130,0.421023501,0.30313692,0.01
2131,0.421023501,0.319977862,0.01
2132,0.421023501,0.3368188,0.01
2133,0.421023501,0.353659742,0.01
2134,0.421023501,0.370500679,0.01
2135,0.421023501,0.387341621,0.01
2136,0.421023501,0.404182559,0.01
